ID,Name,Room,Price,Rating,Amazon URL,Image URL,Editor Note
"3","SAMEAT Heated Towel Warmers for Bathroom","bathroom","89.99","4.6","https://amzn.to/45alBg5","https://m.media-amazon.com/images/I/61WKUGmlqxL._AC_SL1500_.jpg","This towel warmer is perfect for a cozy bathroom!"
"5","Luxury Shampoo and Conditioner Dispenser","bathroom","39.97","4.6","https://amzn.to/4hkhlSr","https://m.media-amazon.com/images/I/71n0B3UybdL._AC_SL1500_.jpg","These dispensers make my shower routine so much easier!"
"6","Mouthwash Dispenser for Bathroom 12.7","bathroom","27.99","4.8","https://amzn.to/3TnY7l1","https://m.media-amazon.com/images/I/61cPTNhxcbL._AC_SL1500_.jpg","These mouthwash dispensers are stylish and useful. Perfect addition to any bathroom!"
"64","Real Natural Travertine Tray for Bathroom","bathroom","34.99","4.8","https://amzn.to/3RJiett","https://m.media-amazon.com/images/I/61LJj74Qz1L._AC_SL1500_.jpg","This travertine tray is perfect for all your home decor needs. Stylish and functional!"
"66","OUAI Hand Wash and Hand Lotion","bathroom","64","3.8","https://amzn.to/4b0vHUg","https://m.media-amazon.com/images/I/41yJlo19wNL._SL1080_.jpg","My go-to hand care duo for soft, nourished hands! Love the Dean Street scent 🌿🧴"
"175","2 Pcs Silicone Toothbrush Holders Multi","bathroom","33.99","4.7","https://amzn.to/44DGvEk","https://m.media-amazon.com/images/I/51IPEjGgv0L._AC_SL1500_.jpg","A simple organization upgrade that instantly reduces countertop clutter. I love small solutions like this that make everyday spaces feel cleaner and more intentional."
"269","Salt & Stone Body Wash for Women & Men, Bergamot & Hinoki 15.2 fl oz | Shower Gel, Sulfate-Free, Paraben-Free, Dye-Free, Vegan, Hydrating & Moisturizing with Antioxidants, Vitamin C, Niacinamide","bathroom","36","4.3","https://amzn.to/4wgnW5j","https://m.media-amazon.com/images/I/51gy750Xx2L._SL1500_.jpg","Little everyday luxuries make a home feel special. This body wash turns an ordinary shower into a calming, spa-like ritual with its clean, sophisticated scent."
"279","Toilet Paper Storage Basket Bathroom Counter Organizer Wicker Baskets for Organizing Cute Basket for Apartment Bedroom Nursery Room Kitchen Bathroom Decor -Beige","bathroom","18.99","4.8","https://amzn.to/4gQEKuO","https://m.media-amazon.com/images/I/81nt092lshL._AC_SL1500_.jpg","Pretty storage makes staying organized feel effortless. This basket keeps everyday essentials close at hand while blending seamlessly with the rest of the room."
"280","Bathroom Accessories Set, 6-Piece Bathroom Accessory Set, Toothbrush Holders Set, Soap Dispenser, Vanity Tray, Tumbler, Cotton Swab Jars, Bathroom Organizer for Modern Bathrooms(Beige)","bathroom","37.99","4.7","https://amzn.to/4hq7OcG","https://m.media-amazon.com/images/I/81fc9sijvQL._AC_SL1500_.jpg","I love bathroom accessories that feel simple, cohesive, and timeless. This set instantly gives the space a more polished look."
"281","Bathroom Arched Wall Cabinet Over The Toilet Storage Cabinet, 23.5×31.4 Inch bathroom cabinet wall mount with Glass Doors & Adjustable Shelves, Wood Cabinet for Laundry Room, Bedroom Kitchen，Natural","bathroom","129.99","4.6","https://amzn.to/3ThuDFs","https://m.media-amazon.com/images/I/71uftD+dECL._AC_SL1500_.jpg","Smart storage can completely change how a bathroom functions. This cabinet adds extra organization without sacrificing style."
"282","Gray Colored Tranlucent Apothecary Ribbed Geo Etched Glass Jar W/Matte Black Metal Lid Cover for Bathroom Organization, Cotton Balls, Q Tips, and Small Accessories, Bathroom Storage","bathroom","22.99","4.8","https://amzn.to/3TtUfyY","https://m.media-amazon.com/images/I/71K40bB+AeL._AC_SL1500_.jpg","Everyday essentials look so much nicer when they're stored in beautiful containers. This glass jar keeps countertops feeling organized and intentional."
"284","Modern Crystal Bathroom Vanity Light 3-Light Brass Wall Light Fixtures Over Mirror Black and Gold Vanity Lighting for Bathroom Square Shade Brass Wall Sconce","bathroom","96.99","4.6","https://amzn.to/4wQeNQE","https://m.media-amazon.com/images/I/71xUlFU87CL._AC_SL1500_.jpg","Good lighting can transform a bathroom. I love the clean lines and warm finish that give this fixture a custom, designer-inspired feel."
"285","LOAAO 40”X36” Gold Bathroom Mirror, Rounded Rectangle Gold Frame Mirror, Brushed Gold Bathroom Vanity Mirror Wall-Mounted, Anti-Rust, Tempered Glass, Hangs Horizontally or Vertically","bathroom","179.99","4.6","https://amzn.to/4pvZDxH","https://m.media-amazon.com/images/I/716fsirczPL._AC_SL1500_.jpg","https://m.media-amazon.com/images/I/716fsirczPL._AC_SL1500_.jpg"
"1","Bedsure Duvet Cover Oversized Queen","bedroom","29.99","4.5","https://amzn.to/4vHQXFU","https://m.media-amazon.com/images/I/8167xAJl5-L._AC_SL1500_.jpg","I love this cozy duvet cover! Perfect for chilly nights."
"4","Bedsure 100% Washed Cotton Duvet Cover","bedroom","74.99","4.2","https://amzn.to/4bllbY3","https://m.media-amazon.com/images/I/817kZ4OUCaL._AC_SL1500_.jpg","My new bedding set is perfect for cozy nights! Soft and stylish, it’s a great addition to any bedroom."
"10","Amazon Basics Cooling Blanket","bedroom","29.99","4.3","https://amzn.to/44yjqTt","https://m.media-amazon.com/images/I/910LBe3SR3L._AC_SL1500_.jpg","My new go-to blanket! Perfect for all seasons. So cozy and comfy."
"16","IARTTOP Boho Mid Century Modern Wood","bedroom","59.49","4.2","https://amzn.to/4vBx2YY","https://m.media-amazon.com/images/I/716+thiqXKL._AC_SL1500_.jpg","Add some modern flair to your space with these beautiful wood wall arts. Perfect for any room!"
"20","Knot Pillow Ball Soft Home Decorative","bedroom","35.14","4.5","https://amzn.to/3RJCRFZ","https://m.media-amazon.com/images/I/71hVLNG35FL._AC_SL1500_.jpg","This knot pillow is so cozy and stylish! Perfect for any room."
"25","Utopia Bedding Queen Fitted Sheet Bottom","bedroom","9.99","4.6","https://amzn.to/4yqwPL3","https://m.media-amazon.com/images/I/71UMsb6UYKL._AC_SL1500_.jpg","This fitted sheet is soft and fits snugly. I can't wait to make my bed!"
"27","Utopia Bedding Bed Pillows for Sleeping","bedroom","30.59","4.5","https://amzn.to/4ppTMK1","https://m.media-amazon.com/images/I/6145-k9xSPL._AC_SL1500_.jpg","Upgrade your sleep with these comfy hotel-quality pillows! Perfect for any sleep position."
"30","Mirror Full Length 71 x","bedroom","69.55","4.6","https://amzn.to/4poSv5W","https://m.media-amazon.com/images/I/813vqaSMlCL._AC_SL1500_.jpg","Added this gorgeous floor mirror to my home office for a chic touch."
"36","Bedsure Cotton Duvet Cover Queen 100%","bedroom","71.68","4.4","https://amzn.to/4wn19Va","https://m.media-amazon.com/images/I/91Pg7Cc87uL._AC_SL1500_.jpg","This duvet cover is perfect for any season. It's breathable and made of 100% cotton."
"41","Modern Bedroom Bench 47 Inch Upholstered","bedroom","179.99","4.6","https://amzn.to/4pq8uRc","https://m.media-amazon.com/images/I/71Ca6piZfPL._AC_SL1500_.jpg","This bench is perfect for an elegant bedroom! The linen beige looks stunning."
"42","SAFAVIEH Lighting Collection Acer Modern Rustic","bedroom","68.38","4.4","https://amzn.to/4pt6szK","https://m.media-amazon.com/images/I/91mDF6HDeDS._AC_SL1500_.jpg","I've been using this farmhouse lamp in my living room and it's perfect for a cozy vibe."
"43","MIULEE Set of 2 Throw Pillow","bedroom","22.99","4.5","https://amzn.to/4fmBvsp","https://m.media-amazon.com/images/I/71clKaivRIL._AC_SL1500_.jpg","Soft, cozy, and perfect for my living room. These pillow inserts are my new favorite!"
"44","Nathan James Mina Rattan Wood","bedroom","69.99","4.4","https://amzn.to/4wJHEWK","https://m.media-amazon.com/images/I/81ftxS+z5kL._AC_SL1500_.jpg","This nightstand is perfect for any room!"
"52","Industrial Table Lamp for Bedroom","bedroom","49.98","4.6","https://amzn.to/3RpZoaL","https://m.media-amazon.com/images/I/61-wRkKYyyL._AC_SL1500_.jpg","These lamps have USB ports and outlets - perfect for reading or charging devices."
"65","Hyde Lane Soft Faux Rabbit","bedroom","54.99","4.2","https://amzn.to/45anKIC","https://m.media-amazon.com/images/I/91LwQXjmW0L._AC_SL1500_.jpg","This plush blanket is perfect for cozy days at home!"
"89","Bedsure 100% Washed Cotton Duvet Cover","bedroom","58.49","4.2","https://amzn.to/3Tp57y4","https://m.media-amazon.com/images/I/71bUmePtKYL._AC_SL1500_.jpg","This duvet cover is perfect for a cozy and stylish bedroom!"
"196","Utopia Bedding Queen Comforter Duvet Insert","bedroom","22.46","4.6","https://amzn.to/4ft5fEj","https://m.media-amazon.com/images/I/813dSy5zzWL._AC_SL1500_.jpg","I like bedding that feels comfortable without being fussy. This comforter creates that layered, hotel-inspired look and works beautifully year-round."
"197","Foindtower Pack of 2 Textured Boucle","bedroom","15.27","4.6","https://amzn.to/45dsKw7","https://m.media-amazon.com/images/I/816IeEq0eDL._AC_SL1500_.jpg","Texture is one of the easiest ways to make a room feel warm and inviting. These pillow covers add depth without introducing busy patterns."
"198","MIULEE Pillow Insert 12x20 Inch Decorative","bedroom","9.99","4.5","https://amzn.to/4wq0t1i","https://m.media-amazon.com/images/I/71bvN7Lb2JL._AC_SL1500_.jpg","A good pillow insert makes decorative pillows look full and high-end instead of flat. It's a small upgrade that makes a noticeable difference."
"238","Utopia Bedding Queen Comforter Duvet Insert","bedroom","22.46","4.6","https://amzn.to/4ft5fEj?ref=fall","https://m.media-amazon.com/images/I/813dSy5zzWL._AC_SL1500_.jpg","I like bedding that feels comfortable without being fussy. This comforter creates that layered, hotel-inspired look and works beautifully year-round."
"251","MIULEE Decorative Long Lumbar Throw Pillow Cover for Bed 14x36 Natural Beige Boho Farmhouse Neutral Couch Pillowcase Pack of 1 Accent Modern Sofa Cushion Livingroom Home Decor (Covers Only)","bedroom","19.99","4.5","https://amzn.to/4fq9ro7","https://m.media-amazon.com/images/I/81qGBlrpuML._AC_SL1500_.jpg","A long lumbar pillow instantly finishes a bed and creates that designer, layered look with very little effort."
"252","MoonRest® 14x36 Inch Synthetic Down Alternative Rectangle Pillow Insert Form Stuffer for Sofa Shams, Decorative Throw Pillow, Cushion and Bed Pillow Stuffing - Hypoallergenic 14” X 36”","bedroom","31.88","4.6","https://amzn.to/4vL0UCr","https://m.media-amazon.com/images/I/419SX+z6LwL._AC_SL1300_.jpg","A quality insert gives lumbar pillows the full, luxurious shape that makes bedding feel complete."
"270","EVERGRACEHOME Chunky Chenille Knit Throw Blanket for Couch, Soft Luxurious Moss Stitch Chair Blankets for Bed, Cozy Decorative Farmhouse Knitted Throws for Sofa, Olive Green, 50"" x 60""","bedroom","37.99","4.6","https://amzn.to/4w9z1VA","https://m.media-amazon.com/images/I/81iSCjC9l1L._AC_SL1500_.jpg","A chunky knit throw instantly makes any room feel warmer and more inviting. I keep one within reach for cozy evenings and as an easy way to add texture to a space."
"271","Simple&Opulence 100% French Flax Linen Duvet Cover Set with Embroidery Washed - 3 Pieces (1 Duvet Cover with 2 Pillow Shams) with Button Closure Soft Breathable Farmhouse - Linen, King Size","bedroom","142.99","4.5","https://amzn.to/3Raxu2t","https://m.media-amazon.com/images/I/71+B-QgK4fL._AC_SL1500_.jpg","Linen bedding only gets softer over time. I love the relaxed, layered look it brings to a bedroom while still feeling timeless and refined."
"317","Vixdonos Leather Valet Tray Rectangular Catchall Tray Counter Organizer for Key,Jewelry,Perfume,Glasses and Watches(Brown)","bedroom","19.8","4.8","https://amzn.to/4bTglkI","https://m.media-amazon.com/images/I/61hrHhaLHdL._AC_SL1234_.jpg","A catchall tray is one of my favorite ways to make everyday essentials feel intentional. It keeps small items organized while adding a polished finishing touch."
"28","HOMESPHERE Acacia Wood Cake Stand","dining-room","59.9","4.8","https://amzn.to/4frTDBq","https://m.media-amazon.com/images/I/91QM5EfD+1L._AC_SL1500_.jpg","Perfect for both cake displays and charcuterie boards! Check out my new favorite dessert table setup."
"32","and Pepper Mill Acacia wood Salt","dining-room","27.99","4.3","https://amzn.to/4wIqc54","https://m.media-amazon.com/images/I/712zr0aoCQL._AC_SL1500_.jpg","These wooden salt and pepper mills are so stylish and functional! Perfect for any table setting."
"63","Two Time Oprah's Favorite Things Winner","dining-room","49.99","4.6","https://amzn.to/4yvu7Un","https://m.media-amazon.com/images/I/61OBOistg5L._AC_SL1500_.jpg","Upgrade your dining experience with these beautiful, durable pasta bowls. Perfect for every meal!"
"90","24 Pack Votive Candle Holders Clear","dining-room","21.99","4.8","https://amzn.to/3T8e3YE","https://m.media-amazon.com/images/I/81pA+hzBXpL._AC_SL1500_.jpg","Adding these votive candle holders will bring elegance and style to any event."
"105","KITEISCAT Extra Large Glass Salad Bowl","dining-room","54.99","4.5","https://amzn.to/3Rl0x3m","https://m.media-amazon.com/images/I/71t9DuLy1EL._AC_SL1500_.jpg","This large glass salad bowl with wooden base and serving utensils is perfect for any meal. The elegant design will complement any table setting."
"242","Durable Flexible Easy To Use Spill","dining-room","18.04","4.6","https://amzn.to/4fwhuQy?ref=hosting","https://m.media-amazon.com/images/I/614tWM-vxjL._AC_SL1500_.jpg","The ultimate ice maker for whiskey cocktails! These trays make perfectly round ice spheres and giant cubes. Great for parties and gatherings!"
"243","Libbey Stemless Wine Glasses","dining-room","32.95","4.7","https://amzn.to/4fbmV8x?ref=hosting","https://m.media-amazon.com/images/I/71yD64PX0lL._AC_SL1500_.jpg","These stemless wine glasses are great for cocktails, water, and any outdoor gathering!"
"244","FEPPO Warming Mat for Food","dining-room","69.99","4.6","https://amzn.to/3RGY0AE?ref=hosting","https://m.media-amazon.com/images/I/81lIwGwSuoL._AC_SL1500_.jpg","The perfect solution for keeping food warm and delicious! A must-have for any gathering."
"245","OPAYLY Whiskey Glasses Old Fashioned Glasses","dining-room","19.19","4.7","https://amzn.to/4pwbLyC?ref=hosting","https://m.media-amazon.com/images/I/81Pe4FSjtfL._AC_SL1500_.jpg","The perfect set of whiskey glasses for enjoying a drink in style. Cheers!"
"46","Umbra Sticks Wall Mounted Coat Rack","entryway","30","4.6","https://amzn.to/4wRML7q","https://m.media-amazon.com/images/I/61d71NuvLTL._AC_SL1500_.jpg","This coat rack is perfect for my entryway! It's sleek and keeps my space tidy."
"57","LITTLE TREE 63 Inches Long Console","entryway","144.49","3.8","https://amzn.to/4puhbKx","https://m.media-amazon.com/images/I/71llrV7MZML._AC_SL1500_.jpg","This console table is perfect for your entryway or living room!"
"276","Black Beige Striped Rug -3'x5' Front Door Rugs Outdoor, Washable Area Rug for Front Porch, Spring Summer Welcome Mats Outdoor Indoor, Doormat for Entryway Porch Entrance","entryway","29.99","4.7","https://amzn.to/3TMp81E","https://m.media-amazon.com/images/I/81ffIew53WL._AC_SL1500_.jpg","The front entry sets the tone for your home. This rug adds classic curb appeal while standing up to everyday use."
"304","Maupvit Rattan Shoe Storage Cabinet with 2 Flip Drawers, Freestanding Shoe Organizer with Metal Legs for Entryway, Hidden Golden Handles, Narrow Shoe Rack Cabinet, Rustic Oak Rattan","entryway","119.99","4.6","https://amzn.to/4vKqd7H","https://m.media-amazon.com/images/I/81mF0O5eXKL._AC_SL1500_.jpg","A beautiful entryway starts with less clutter. I like how this cabinet keeps everyday shoes out of sight while blending seamlessly into the room."
"305","Farmhouse Key Holder Wall Mount - Modern Key Holder for Living Room and Mail Organizer with Shelf & Hooks for Apartment Essentials - Home Decor Aesthetic (Black, 3.54""D x 10""W x 7.28""H)","entryway","9.98","4.7","https://amzn.to/4hntvdl","https://m.media-amazon.com/images/I/71Kx+RniBZL._AC_SL1500_.jpg","It's the little details that make a home feel organized. This keeps keys and everyday essentials exactly where you need them without sacrificing style."
"306","Fluted Sideboard Buffet Cabinet with Storage - 57"" Credenza Coffee Bar Cabinet with 4 Doors, Accent Kitchen Storage Cabinets with Adjustable Shelves for Living & Kitchen, Entryway, Modern","entryway","249.99","4.7","https://amzn.to/3TdBMql","https://m.media-amazon.com/images/I/81ZrOHSyiUL._AC_SL1500_.jpg","I gravitate toward storage pieces that feel like furniture instead of storage. This adds warmth, hides everyday clutter, and creates a beautiful surface for styling."
"307","Luxury Leather Tray Organizer Valet Tray Key Tray for Entryway Table Desktop Storage Catchall Tray Decorative Tray for Jewelry Keys Wallet Phone Watch (Metal Gilded, Khaki Green)","entryway","22.99","4.7","https://amzn.to/3T4Q24P","https://m.media-amazon.com/images/I/61HhpR9TwhL._AC_SL1500_.jpg","A catchall tray is one of my favorite ways to make everyday essentials feel intentional. It keeps small items organized while adding a polished finishing touch."
"308","45"" Entryway Bench Upholstered Storage Bench for Bedroom Shoe Rack Bench for Living Room, Hallway, Mudroom, Balcony, Sturdy Indoor Bench Seat Holds Up to 300 lbs (Beige)","entryway","149.99","4.8","https://amzn.to/451tkNL","https://m.media-amazon.com/images/I/816s4XwWWfL._AC_SL1500_.jpg","I love furniture that works twice as hard. This gives the entryway a welcoming place to sit while keeping shoes neatly tucked away, making the whole space feel calmer and more organized."
"309","43"" Farmhouse Entryway&End of Bed Wood Bench,Walnut | Skandiquip 43""47"" Wood Farmhouse Entryway Bench, Mid Century Rustic End of Bed Bench for Mudroom, Living Room & Kitchen","entryway","59.99","4.5","https://amzn.to/4vOjVnv","https://m.media-amazon.com/images/I/81pLqpB+boL._AC_SL1500_.jpg","I look for pieces that combine timeless design with everyday function. This is the kind of item that helps a home feel both beautiful and lived in."
"310","VASAGLE ELLAN Collection - Boho Shoe Bench with Cushion, Entryway Storage Bench with 4 Rattan-Look Cabinet Doors, Rounded Corners, Adjustable Shelf, for Bedroom Under Window, Natural Brown ULSB502KC01","entryway","141.28","4.3","https://amzn.to/4wQ9sbZ","https://m.media-amazon.com/images/I/81jTJul41EL._AC_SL1500_.jpg","I love furniture that works twice as hard. This gives the entryway a welcoming place to sit while keeping shoes neatly tucked away, making the whole space feel calmer and more organized."
"311","Modern Console Table with 3 Doors, 42” Entryway Table with Storage & Shelf, Green","entryway","142.49","4.5","https://amzn.to/4vEaerB","https://m.media-amazon.com/images/I/81yCnsyHQPL._AC_SL1500_.jpg","I love entryway pieces that are both functional and beautiful. This creates a welcoming first impression while offering space to display décor and keep essentials organized."
"312","SICOTAS Rattan Console Table with Drawers, Boho Entryway Table Sofa Table | Entry Table With Storage Drawers, Hallway Table for Entryway, Sofa Table Behind Couch, Console Table for Living Room, Hallway","entryway","149.99","4.6","https://amzn.to/4yzlcRS","https://m.media-amazon.com/images/I/81LnJisaF4L._AC_SL1500_.jpg","I love entryway pieces that are both functional and beautiful. This creates a welcoming first impression while offering space to display décor and keep essentials organized."
"313","LIVEBOX Scalloped Easy Jute 3x5 Outdoor Rug, Washable Non-Slip Geometric Tan Rugs for Entryway, Indoor Outdoor Farmhouse Rug Modern Carpet Door Mat Area Rug for Patio Bedroom Living Room Kitchen Porch","entryway","39.99","4.5","https://amzn.to/4fnqdnW","https://m.media-amazon.com/images/I/81gIjzg0g9L._AC_SL1500_.jpg","A rug is one of the easiest ways to make an entryway feel warm and inviting. I like this one because it adds texture while standing up to everyday life."
"314","Easy Jute Black Front Door Mat, 2.6x4 Washable Entryway Rug Non Slip Small Kitchen Rug, Farmhouse Low Pile Floor Scalloped Rugs for Bathroom Porch Doorway","entryway","32.99","4.5","https://amzn.to/4fqijdp","https://m.media-amazon.com/images/I/81Lyadn-vQL._AC_SL1500_.jpg","A rug is one of the easiest ways to make an entryway feel warm and inviting. I like this one because it adds texture while standing up to everyday life."
"315","Luxurious Natural Marble Vanity Tray, Cloud Shape Serving Stone Key Tray for Home Decor, 10"" x 7"" Marble Storage Trays for Bathroom, Stone Plate Holder for Perfume, Candle and Jewelry","entryway","39.99","4.9","https://amzn.to/45hQ8IW","https://m.media-amazon.com/images/I/714n331UD1L._AC_SL1500_.jpg","A catchall tray is one of my favorite ways to make everyday essentials feel intentional. It keeps small items organized while adding a polished finishing touch."
"232","Bedsure Duvet Cover Oversized Queen","fall","29.99","4.5","https://amzn.to/4vHQXFU?ref=fall","https://m.media-amazon.com/images/I/8167xAJl5-L._AC_SL1500_.jpg","I love this cozy duvet cover! Perfect for chilly nights."
"233","Bedsure 100% Washed Cotton Duvet Cover","fall","74.99","4.2","https://amzn.to/4bllbY3?ref=fall","https://m.media-amazon.com/images/I/817kZ4OUCaL._AC_SL1500_.jpg","My new bedding set is perfect for cozy nights! Soft and stylish, it’s a great addition to any bedroom."
"234","Bedsure 100% Washed Cotton Duvet Cover","fall","58.49","4.2","https://amzn.to/3Tp57y4?ref=fall","https://m.media-amazon.com/images/I/71bUmePtKYL._AC_SL1500_.jpg","This duvet cover is perfect for a cozy and stylish bedroom!"
"235","Hyde Lane Soft Faux Rabbit","fall","54.99","4.2","https://amzn.to/45anKIC?ref=fall","https://m.media-amazon.com/images/I/91LwQXjmW0L._AC_SL1500_.jpg","This plush blanket is perfect for cozy days at home!"
"236","Foindtower Pack of 2 Textured Boucle","fall","15.27","4.6","https://amzn.to/45dsKw7?ref=fall","https://m.media-amazon.com/images/I/816IeEq0eDL._AC_SL1500_.jpg","Texture is one of the easiest ways to make a room feel warm and inviting. These pillow covers add depth without introducing busy patterns."
"237","MIULEE Pillow Insert 12x20 Inch Decorative","fall","9.99","4.5","https://amzn.to/4wq0t1i?ref=fall","https://m.media-amazon.com/images/I/71bvN7Lb2JL._AC_SL1500_.jpg","A good pillow insert makes decorative pillows look full and high-end instead of flat. It's a small upgrade that makes a noticeable difference."
"239","BYHER Natural Green Moss Decorative Ball","fall","14.99","4.4","https://amzn.to/44C3Jus?ref=fall","https://m.media-amazon.com/images/I/71btQoF-6dS._AC_SL1500_.jpg","Decorate your space with these adorable moss balls!"
"241","Globe Electric x Novogratz 67347","fall","85.13","4.2","https://amzn.to/4gLzCYW?ref=fall","https://m.media-amazon.com/images/I/51heCfPevML._AC_SL1500_.jpg","This table lamp is the perfect addition to any bedroom or office!"
"68","Retro Valentines Day Decor Felt Envelope","holiday","14.99","4.6","https://amzn.to/4foIIbw","https://m.media-amazon.com/images/I/71tvsbMJzlL._AC_SL1500_.jpg","Love this Valentines banner. Perfect for any romantic event!"
"73","4FT Soft Textured Cedar Topiary Trees","holiday","99.99","4","https://amzn.to/4w7MCwz","https://m.media-amazon.com/images/I/81L15lW7CxL._AC_SL1500_.jpg","Perfect for any garden space! These faux trees add a touch of nature indoors or out."
"74","Scentsicles White Winter Fir Scented Christmas","holiday","17.98","4.4","https://amzn.to/4wgT4S4","https://m.media-amazon.com/images/I/71h5yZ6sB8L._AC_SL1500_.jpg","These beautiful white fir scented Christmas ornaments will add a fresh, cozy scent to your home!"
"75","Best Choice Products 3","holiday","179.99","4.5","https://amzn.to/3RkZz7e","https://m.media-amazon.com/images/I/9142iv7GrsL._AC_SL1500_.jpg","Add some holiday charm with these lit-up deer family decorations! Perfect for your yard."
"78","Eddie Bauer Throw Blanket Brushed Fleece","holiday","27.99","4.4","https://amzn.to/3Rgs2Lt","https://m.media-amazon.com/images/I/813NwpAwYXL._AC_SL1500_.jpg","This throw blanket is the coziest! Perfect for lounging or gifting."
"79","12PCS Red Velvet Bows for Christmas","holiday","8.99","4.6","https://amzn.to/4wWjyIB","https://m.media-amazon.com/images/I/71kHRoGY12L._AC_SL1500_.jpg","These red velvet bows are perfect for adding a festive touch to your Christmas tree!"
"80","Vintage Christmas Wall Art Santa Claus","holiday","12.99","4.7","https://amzn.to/4b0W10A","https://m.media-amazon.com/images/I/91-5OPESZYL._AC_SL1500_.jpg","Beautiful holiday print that is perfect for Christmas decor lovers."
"81","VioraWhite 12 Pcs White Pearl","holiday","9.49","4.6","https://amzn.to/4gQV0Mp","https://m.media-amazon.com/images/I/813RyHpMjRL._AC_SL1500_.jpg","Check out these elegant white pearl ornaments for your Christmas tree!"
"82","Vintage Christmas Tree Wall Art Christmas","holiday","9.99","4.7","https://amzn.to/4f9Ejuf","https://m.media-amazon.com/images/I/91hJjv4dJOL._AC_SL1500_.jpg","A touch of winter charm for your living room!"
"83","BBTO 8 Pcs Christmas Tree Ball","holiday","41.99","4.6","https://amzn.to/4flpjbw","https://m.media-amazon.com/images/I/9158hBxi7dL._AC_SL1500_.jpg","Adding these glittery balls to my tree will make it sparkle for the holidays!"
"84","Artificial Norfolk Pine & Cedar Christmas","holiday","49.99","4.6","https://amzn.to/4hlF7xu","https://m.media-amazon.com/images/I/81wO+6iAJoL._AC_SL1500_.jpg","I love how this wreath adds a festive touch to my front door. Great for indoor or outdoor use!"
"85","20 Piece Set 24"" Artificial Norfolk","holiday","29.99","4","https://amzn.to/3RN6fuZ","https://m.media-amazon.com/images/I/91LUFG5vLKL._AC_SL1500_.jpg","Looking to spruce up your home for the holidays? These branches are perfect for any DIY craft!"
"86","60 Pcs Christmas Garland Ties","holiday","9.99","4.7","https://amzn.to/4wat5vo","https://m.media-amazon.com/images/I/81t+M09KJmL._AC_SL1500_.jpg","These ties are perfect for your holiday decorations, reusable and adjustable!"
"87","Giegxin 2 Pcs 13.2ft Christmas Velvet","holiday","23.99","3.8","https://amzn.to/4b1VVWB","https://m.media-amazon.com/images/I/81owosiUF8L._AC_SL1500_.jpg","Elevate your holiday decor with these gorgeous deep green velvet bow garlands!"
"88","30pcs Velvet Christmas Ball Ornaments Flocked","holiday","28.99","4.4","https://amzn.to/4b0cAtB","https://m.media-amazon.com/images/I/71lKomXtZ1L._AC_SL1500_.jpg","These festive balls will add a touch of elegance to your Christmas tree!"
"91","Homemory 48 Pack Novelty Flickering Flameless","holiday","19.99","4.8","https://amzn.to/3Rp2Nqi","https://m.media-amazon.com/images/I/61n-VJa2F8L._AC_SL1500_.jpg","These candles are perfect for any event and so safe! Great for tables and home decor."
"114","Bell Door Decor Bells Christmas Bells","holiday","23.73","4.3","https://amzn.to/3T43whb","https://m.media-amazon.com/images/I/71EUuR-RgUL._AC_SL1500_.jpg","These gold bells are the perfect touch for any home!"
"115","Relaxweex 12 Pcs Garland Hanger","holiday","12.99","3.7","https://amzn.to/3T52DF6","https://m.media-amazon.com/images/I/71w0f-1w3uL._AC_SL1500_.jpg","These hangers are a must-have for the holidays. Perfect for decorating any doorway!"
"185","Gschupy 6Pcs Vintage Bunny Wall","holiday","16.99","4.5","https://amzn.to/3Tb6sbO","https://m.media-amazon.com/images/I/91IX1ytWGoL._AC_SL1500_.jpg","I love seasonal décor that feels collected rather than overly themed. These vintage-inspired prints add a soft touch of spring that still fits beautifully with a timeless home."
"186","12Pcs Easter Wall Art Prints","holiday","7.99","4.6","https://amzn.to/3T2UctZ","https://m.media-amazon.com/images/I/71ZML5cTRvL._AC_SL1500_.jpg","These are an easy way to refresh a gallery wall or shelf for spring without spending much. The soft colors keep the look elegant instead of overly seasonal."
"187","Easter Decorations for Home 3pcs Gold","holiday","6.99","4.7","https://amzn.to/4fqePrw","https://m.media-amazon.com/images/I/81+3URMeIvL._AC_SL1500_.jpg","I prefer seasonal décor that blends naturally into my everyday home. These brass-inspired bunnies feel classic enough to display long after Easter has passed."
"188","Marsui 2 Pas Easter Garland Felt","holiday","30.99","4.2","https://amzn.to/4fomyGn","https://m.media-amazon.com/images/I/81dJA+i-M-L._AC_SL1500_.jpg","This garland adds just enough seasonal charm without overwhelming the space. I especially like it layered across a mantel with candles and greenery."
"191","Trendy Red Heart Wall Art Funky","holiday","19.99","4.1","https://amzn.to/3RHXVg5","https://m.media-amazon.com/images/I/81Eud2fCy4L._AC_SL1500_.jpg","I like incorporating small seasonal pieces that can easily be swapped throughout the year. These add a playful pop without requiring a complete room makeover."
"192","LYPHNX Vintage Trendy Black Cherry","holiday","11.99","4","https://amzn.to/4pymDvS","https://m.media-amazon.com/images/I/71KbHGyRwiL._AC_SL1500_.jpg","These are fun for adding personality to a teen bedroom, dorm, or creative space while keeping the rest of the room simple and clean."
"194","LZNPA 6 Ft Real Touch Christmas","holiday","69.99","4.4","https://amzn.to/4pwR5X5","https://m.media-amazon.com/images/I/812XNSykHtL._AC_SL1500_.jpg","I always gravitate toward holiday décor that looks realistic and understated. This garland creates that cozy winter feeling without looking artificial."
"11","SMEG Pink 50's Retro Style Electric","kitchen","169.95","4.6","https://amzn.to/4hqFdDY","https://m.media-amazon.com/images/I/51Q+xL+RiOL._AC_SL1500_.jpg","Retro kitchen must-have! This SMEG hand mixer is adorable and functional."
"13","Wooden Lazy Susan for Table","kitchen","22.45","4.6","https://amzn.to/4f8Nv21","https://m.media-amazon.com/images/I/71ZS7TFn19L._AC_SL1500_.jpg","This lazy susan is perfect for organizing spices or condiments on the table. A kitchen must-have!"
"14","BALEINE 3Pk Reusable Grocery Bags Foldable","kitchen","21.95","4.7","https://amzn.to/4gMekuc","https://m.media-amazon.com/images/I/81nzl6CRlIL._AC_SL1500_.jpg","These reusable grocery bags are a must-have! Perfect for grocery shopping or organizing your kitchen."
"15","Slushie Cup 2 Pack Slushy Maker","kitchen","19.99","4.2","https://amzn.to/4vHlfse","https://m.media-amazon.com/images/I/71zMDlzkpUL._AC_SL1500_.jpg","Get ready for a cool treat with these slushie cups!"
"24","StorageWorks Scalloped Wicker Basket Woven Baskets","kitchen","38.99","4.7","https://amzn.to/4yMsPEX","https://m.media-amazon.com/images/I/71nW-MRvloL._AC_SL1500_.jpg","These wicker baskets are perfect for storage and decoration. Great for organizing and keeping things tidy."
"33","Durable Flexible Easy To Use Spill","kitchen","18.04","4.6","https://amzn.to/4fwhuQy","https://m.media-amazon.com/images/I/614tWM-vxjL._AC_SL1500_.jpg","The ultimate ice maker for whiskey cocktails! These trays make perfectly round ice spheres and giant cubes. Great for parties and gatherings!"
"35","iDesign Clear Plastic Egg Holder","kitchen","14.29","4.8","https://amzn.to/4vBxqXq","https://m.media-amazon.com/images/I/51vFeflmvKL._AC_SL1000_.jpg","A clear egg holder is a game changer in the kitchen. Keeps eggs fresh and easily accessible."
"39","10"" Acacia Wood Lazy Susan Organizer","kitchen","13.99","4.7","https://amzn.to/4pz1zpe","https://m.media-amazon.com/images/I/61fAmxOKIjL._AC_SL1500_.jpg","This lazy susan keeps my kitchen pantry items neatly organized."
"47","DWËLLZA KITCHEN Cereal Containers Storage","kitchen","26.99","4.7","https://amzn.to/4vBxK8A","https://m.media-amazon.com/images/I/71zogvwkyJL._AC_SL1194_.jpg","These containers will keep your snacks fresh and organized!"
"71","Cuisinart Griddler Indoor Grill Panini Press","kitchen","99.95","4.6","https://amzn.to/4gM0eJe","https://m.media-amazon.com/images/I/81lGCueKCJL._AC_SL1500_.jpg","This indoor grill is perfect for all my grilling needs! It's easy to clean too."
"72","FEPPO Warming Mat for Food","kitchen","69.99","4.6","https://amzn.to/3RGY0AE","https://m.media-amazon.com/images/I/81lIwGwSuoL._AC_SL1500_.jpg","The perfect solution for keeping food warm and delicious! A must-have for any gathering."
"92","Creative Co Op Stoneware Butter Dish","kitchen","16.36","4.8","https://amzn.to/3T068N5","https://m.media-amazon.com/images/I/61IjBRi3qQL._AC_SL1500_.jpg","Who doesn't love fresh butter on their toast? This butter dish is perfect for keeping your butter fresh!"
"93","Trader Joe's 5 Items or Less","kitchen","18.75","4.6","https://amzn.to/4fcnQFO","https://m.media-amazon.com/images/I/618xRSGzmhL._SL1293_.jpg","This Trader Joe's cookbook is great for easy recipes!"
"97","STANLEY Quencher H2.0 Tumbler with Handle","kitchen","45","4.7","https://amzn.to/4ptlTrH","https://m.media-amazon.com/images/I/41ryNvEnNCL._AC_SL1500_.jpg","This tumbler is perfect for my long commutes. Keeps my drink cool for hours!"
"98","YETI 7 oz Flask and Funnel","kitchen","55","4.7","https://amzn.to/4flvQmv","https://m.media-amazon.com/images/I/51gIVlA0OAL._AC_SL1500_.jpg","Stay hydrated with this stylish YETI flask! Perfect for any outdoor adventure!"
"101","OPAYLY Whiskey Glasses Old Fashioned Glasses","kitchen","19.19","4.7","https://amzn.to/4pwbLyC","https://m.media-amazon.com/images/I/81Pe4FSjtfL._AC_SL1500_.jpg","The perfect set of whiskey glasses for enjoying a drink in style. Cheers!"
"102","Libbey Stemless Wine Glasses","kitchen","32.95","4.7","https://amzn.to/4fbmV8x","https://m.media-amazon.com/images/I/71yD64PX0lL._AC_SL1500_.jpg","These stemless wine glasses are great for cocktails, water, and any outdoor gathering!"
"104","Libbey Ascent Tumbler and Rocks Drinking","kitchen","39","4.6","https://amzn.to/4vHOfQt","https://m.media-amazon.com/images/I/816OkvqapZL._AC_SL1500_.jpg","Host your next gathering with style using these glasses!"
"106","CAROTE Silicone Cooking Utensils Set Kitchen","kitchen","21.99","4.5","https://amzn.to/44BPt52","https://m.media-amazon.com/images/I/71wQKlUWk-L._AC_SL1500_.jpg","Kitchen essentials for all your cooking needs! Comfortable and heat-resistant, these utensils are perfect for the nonstick cookware lover."
"107","Vtopmart 78oz Glass Food Storage Jars","kitchen","26.99","4.7","https://amzn.to/4wbacbP","https://m.media-amazon.com/images/I/81hElModSLL._AC_SL1500_.jpg","These jars keep my pantry organized and my food fresh!"
"108","YETI Rambler 20 oz Stainless Steel","kitchen","64","4.8","https://amzn.to/4ptmGc9","https://m.media-amazon.com/images/I/51OxFJqGSPL._AC_SL1500_.jpg","This YETI tumbler keeps my drinks cool for hours. Perfect for outdoor adventures!"
"109","YETI Rambler 10 oz Stackable Lowball","kitchen","37","4.8","https://amzn.to/4fty3fR","https://m.media-amazon.com/images/I/51G5dCw6NpL._AC_SL1500_.jpg","Perfect for keeping my drinks cold while I'm out and about!"
"110","YETI Rambler 18 oz Bottle Vacuum","kitchen","39.95","4.8","https://amzn.to/4hiGHAb","https://m.media-amazon.com/images/I/51tIYozqFWL._AC_SL1500_.jpg","Keep your drinks ice cold with this insulated bottle!"
"113","MALACASA Plates and Bowls Sets","kitchen","123.49","4.6","https://amzn.to/4b0FF88","https://m.media-amazon.com/images/I/61URPwf47tL._AC_SL1500_.jpg","I love my new porcelain dinnerware set! It's perfect for dinner parties."
"168","10"" Acacia Wood Lazy Susan Organizer","kitchen","13.99","4.7","https://amzn.to/4pz1zpe?tag=organization","https://m.media-amazon.com/images/I/61fAmxOKIjL._AC_SL1500_.jpg","This lazy susan keeps my kitchen pantry items neatly organized."
"173","SMEG Mini 50's Retro Style","kitchen","179.95","4.4","https://amzn.to/4pq3UCw","https://m.media-amazon.com/images/I/51SVCqpx1QL._AC_SL1500_.jpg","One of those appliances that's just as beautiful as it is functional. It adds timeless character to the kitchen while making your morning coffee or tea ritual feel a little more special."
"174","SMEG 2 Slice Toaster","kitchen","229","4.4","https://amzn.to/4ysERmq","https://m.media-amazon.com/images/I/41H7vZTF4hL._AC_SL1300_.jpg","A countertop piece that's designed to be displayed, not hidden away. It brings everyday function together with timeless style, making even simple breakfasts feel elevated."
"180","Nespresso Vertuo Pop+ Deluxe Coffee","kitchen","199.95","4.4","https://amzn.to/4faF9qD","https://m.media-amazon.com/images/I/61fbdAMlUlL._AC_SL1500_.jpg","For anyone who loves café-quality coffee without leaving home. Compact, beautiful, and incredibly easy to use, it's a countertop appliance you'll reach for every day."
"195","KitchenAid Classic Multifunction Can Opener","kitchen","14.99","4.6","https://amzn.to/4feeQjr","https://m.media-amazon.com/images/I/51P6P9z4G8L._AC_SL1500_.jpg","This can opener makes opening cans a breeze! Great for everyday use in the kitchen."
"199","simplehuman Step Recycler 58L / 15.3","kitchen","199.99","4.5","https://amzn.to/4ywr8el","https://m.media-amazon.com/images/I/518OWqdD4TL._AC_SL1000_.jpg","It's not the most exciting purchase, but it's one of the ones you'll appreciate every day. The clean design, quiet lid, and built-in recycling make the kitchen feel more functional and polished."
"275","Two Time Oprah's Favorite Things Winner - Santorini Mist Double Bowl Terracotta Reactive Glaze Plates and Bowls Dinnerware Set - Moonstone White, Service for Four (16pcs)","kitchen","81","4.5","https://amzn.to/4b4YabF","https://m.media-amazon.com/images/I/71Vpa1fOn+L._AC_SL1500_.jpg","Beautiful dinnerware makes everyday meals feel a little more special. This set has a timeless design that's equally at home on a weeknight table or when entertaining."
"7","Simpli Magic 50 Liter / 13.2","laundry","104.23","4.4","https://amzn.to/3THmev6","https://m.media-amazon.com/images/I/51T1yiR6K4L._SL1500_.jpg","This trash can is so quiet and easy to use with the foot pedal. Plus, it has a built-in filter to keep it fresh!"
"31","SAMMART 41L (10.8 gallon)","laundry","49.2","4.5","https://amzn.to/3THj76m","https://m.media-amazon.com/images/I/610VxvElQ-L._AC_SL1500_.jpg","These collapsible laundry baskets are a lifesaver! Perfect for small spaces."
"2","DREO Smart Fans for Bedroom 120°","living-room","129.99","4.7","https://amzn.to/4wu92IR","https://m.media-amazon.com/images/I/71x-zzZv2vL._AC_SL1500_.jpg","Upgrade your space with this smart fan! It's quiet, stylish, and has tons of features to keep you cool and comfy."
"8","12 PCS Rug Tape Non Slip","living-room","8.95","4.4","https://amzn.to/4wbu7HJ","https://m.media-amazon.com/images/I/81DA4lS7wBL._AC_SL1500_.jpg","Keeping my rugs in place has never been easier. These rug grippers are a must-have!"
"12","30 Inch Round Bathroom Mirror Wall","living-room","62.99","4.8","https://amzn.to/4b1LDWt","https://m.media-amazon.com/images/I/7159Bk2NBJL._AC_SL1500_.jpg","This bathroom mirror adds a touch of elegance and is perfect for any room."
"26","Yaheetech Accent Chairs Large PU Leather","living-room","149.99","4.6","https://amzn.to/4w73Lqh","https://m.media-amazon.com/images/I/81xO8rol2dL._AC_SL1500_.jpg","A comfy leather chair is a must-have! This camel armchair is both stylish and cozy."
"29","Metal Brown Floor Lamp for Living","living-room","47.99","4","https://amzn.to/4py0s9g","https://m.media-amazon.com/images/I/71AoEdzPmeL._AC_SL1500_.jpg","A perfect blend of style and function for any room! This floor lamp is a must-have."
"34","Artificial Olive Trees 7 ft Tall","living-room","84.99","4.6","https://amzn.to/4b2y1tY","https://m.media-amazon.com/images/I/61kC2GJETiL._AC_SL1500_.jpg","Add some greenery to your space with this beautiful fake olive tree!"
"37","SIDUCAL Ceramic Rustic Farmhouse Vase","living-room","24.69","4.7","https://amzn.to/4wPnMl0","https://m.media-amazon.com/images/I/71vNoDzZzQL._AC_SL1500_.jpg","This rustic vase is perfect for adding a touch of nature to any space. Love it!"
"38","SIDUCAL Ceramic Decorative Flower Vase","living-room","24.69","4.7","https://amzn.to/4hjht4G","https://m.media-amazon.com/images/I/711RY3Pvd2L._AC_SL1500_.jpg","This vase adds such a touch of rustic charm to any space!"
"40","Foindtower Set of 2 Decorative Linen","living-room","17.99","4.5","https://amzn.to/4wdNS1p","https://m.media-amazon.com/images/I/91VW3YxqcoL._AC_SL1500_.jpg","These decorative pillows are a perfect match for my couch!"
"48","Rugshop Bohemian Stripe Stain Resistant High","living-room","245.69","4.6","https://amzn.to/4wgK7YY","https://m.media-amazon.com/images/I/91lYI8KSh6L._AC_SL1500_.jpg","I love this living room rug! It's perfect for the kids and pets."
"49","WS Game Company Monopoly Vintage Bookshelf","living-room","44.99","4.8","https://amzn.to/4bOaGwg","https://m.media-amazon.com/images/I/81hbSg5ZpYL._AC_SL1500_.jpg","A timeless game to add to your collection!"
"51","110"" Modular Fluted Sideboard Buffet Cabinet","living-room","439.99","4.4","https://amzn.to/3Td5LPa","https://m.media-amazon.com/images/I/71yUkKRKiYL._AC_SL1500_.jpg","This modular sideboard is perfect for any space in your home!"
"53","ONEVOG Velvet Pouf Ottoman Olive Green","living-room","199.99","4.5","https://amzn.to/4pMRoxr","https://m.media-amazon.com/images/I/81cmfTpo5TL._AC_SL1500_.jpg","These cute velvet ottomans make such a stylish and comfy addition to my living room."
"54","mopio Quin Tambour Round Circle Coffee","living-room","249","4.2","https://amzn.to/4gLzpVE","https://m.media-amazon.com/images/I/71FvChQRfWL._AC_SL1500_.jpg","This round coffee table is perfect for my living room. It's got a sleek design and even has storage!"
"55","mopio Quin 59"" Tambour TV Stand","living-room","319","4.4","https://amzn.to/4vJbTw9","https://m.media-amazon.com/images/I/71eoKoHDibL._AC_SL1500_.jpg","This TV stand is a perfect addition to my living room. It's stylish and has lots of storage."
"56","Loloi Darby Collection DAR 03 Sand/Charcoal","living-room","133.32","4.5","https://amzn.to/4yto3f1","https://m.media-amazon.com/images/I/91Tmn4VDs+L._AC_SL1500_.jpg","This area rug is perfect for any living space!"
"58","Loloi Darby Collection DAR 06 Sand/Dk.","living-room","130.87","4.5","https://amzn.to/4hlw6o4","https://m.media-amazon.com/images/I/91Na4ueXD3L._AC_SL1500_.jpg","This rug really ties the living room together. It's perfect for cozy evenings."
"59","Teamson Home Arquer 66.93"" Arc Floor","living-room","139.99","4.3","https://amzn.to/4fp0Wto","https://m.media-amazon.com/images/I/51aBUdbjYAL._AC_SL1500_.jpg","Looking to add some modern style to your space? This floor lamp is perfect for any room!"
"60","Globe Electric x Novogratz 67347","living-room","85.13","4.2","https://amzn.to/4gLzCYW","https://m.media-amazon.com/images/I/51heCfPevML._AC_SL1500_.jpg","This table lamp is the perfect addition to any bedroom or office!"
"61","Handmade Flower Vase 9.8"" Tall Terracotta","living-room","35.99","4.2","https://amzn.to/4fwi5Si","https://m.media-amazon.com/images/I/81c44Zqmc4L._AC_SL1500_.jpg","This terracotta vase is perfect for adding rustic charm to any space. Great for home, office, or café décor."
"62","Marshall Acton III Bluetooth Home Speaker","living-room","269","4.8","https://amzn.to/3TcsvyK","https://m.media-amazon.com/images/I/910OcKeMw1L._AC_SL1500_.jpg","Craving some loud and clear tunes? This speaker is perfect for home or travel."
"69","12pcs Glass Cylinder Vases for Centerpieces","living-room","28.79","4.7","https://amzn.to/45h4vx3","https://m.media-amazon.com/images/I/71afnRCcoaL._AC_SL1500_.jpg","These vases are perfect for wedding decorations or floating candles at home."
"70","Tuyai (Set of 36) Floating Candles","living-room","27.99","4.7","https://amzn.to/4vBhsg8","https://m.media-amazon.com/images/I/51+KOeEBayL._AC_SL1500_.jpg","These floating candles make any setting feel magical. Perfect for parties and special occasions!"
"103","BYHER Natural Green Moss Decorative Ball","living-room","14.99","4.4","https://amzn.to/44C3Jus","https://m.media-amazon.com/images/I/71btQoF-6dS._AC_SL1500_.jpg","Decorate your space with these adorable moss balls!"
"111","Creative Co Op Stoneware Bowl","living-room","22.49","4.7","https://amzn.to/3T6C2rb","https://m.media-amazon.com/images/I/71A+4T0kO8L._AC_SL1500_.jpg","Check out this stunning black bowl with handles. Perfect for serving or as a stylish home decor piece."
"177","The Bucket List: 1000 Adventures","living-room","17.67","4.7","https://amzn.to/3Tufbpz","https://m.media-amazon.com/images/I/81ilkr0HnPL._SL1500_.jpg","Perfect for the coffee table. It sparks conversation, inspires future adventures, and reminds you there's always another place waiting to be explored."
"178","Booze & Vinyl: A Spirited Guide","living-room","21.56","4.8","https://amzn.to/4vHcvT1","https://m.media-amazon.com/images/I/A1ohuNk-urL._SL1500_.jpg","A fun coffee table book for anyone who enjoys great music, thoughtful entertaining, and creating memorable evenings at home."
"179","History as They Saw It: Iconic","living-room","19.99","4.8","https://amzn.to/4ft5oHO","https://m.media-amazon.com/images/I/91HgpoScg-L._SL1500_.jpg","A beautifully designed book that brings history to life through restored color photography. It's the kind of book you'll find yourself picking up again and again."
"182","SUNMORY Floor Lamps for Living Room","living-room","45.98","4.6","https://amzn.to/4b6d0P7","https://m.media-amazon.com/images/I/71Cy12mRz5L._AC_SL1500_.jpg","Lighting instantly changes the feel of a room, and I love that this lamp brings warmth without taking up much space. The interchangeable shades make it easy to blend into almost any decorating style."
"246","decorUhome Linen Fringe Throw Pillow Covers Set of 2 Decorative Natural Beige Pillow Covers with Tassels Soft Accent Boho Farmhouse Pillow Cases for Couch Bed Sofa 18x18 Inch","living-room","25.99","4.6","https://amzn.to/4vIXiAK","https://m.media-amazon.com/images/I/81vbPa-PMSL._AC_SL1500_.jpg","I love the subtle fringe because it adds texture and warmth without overwhelming the room. It's an easy way to make a sofa feel layered and inviting."
"247","decorUhome Decorative Linen Throw Pillow Covers 18x18 Inch Set of 2 Olive Green Pillow Covers with Flange Edges Soft Farmhouse Boho Accent Pillow Cases for Couch Bed Living Room","living-room","20.99","4.7","https://amzn.to/3TwUMjE","https://m.media-amazon.com/images/I/81yiAE3nvcL._AC_SL1500_.jpg","The soft olive tone brings in natural color while still feeling timeless. It's one of those accents that works beautifully through every season."
"248","Foindtower Pack of 2, Decorative Linen Solid Throw Pillow Covers Soft Accent Cushion Case Boho Farmhouse Neutral Pillowcase for Couch Sofa Bed Living Room Home Decor 22 x 22 Inch Natural Beige","living-room","22.99","4.5","https://amzn.to/3Ty7rCZ","https://m.media-amazon.com/images/I/818SAg-2nxL._AC_SL1500_.jpg","These neutral linen pillows create that relaxed, collected look I always gravitate toward. They mix effortlessly with other textures and patterns."
"249","Utopia Bedding Throw Pillows (Set of 4, White) – 18 x 18 Inches Down Alternative Pillows for Bed, Sofa, and Couch - Fluffy Decorative Stuffer Pillow for Indoors & Outdoors","living-room","21.33","4.7","https://amzn.to/3R3Puvq","https://m.media-amazon.com/images/I/715BTRR6epL._AC_SL1500_.jpg","A full pillow insert makes decorative pillows look custom instead of flat. It's one of the easiest upgrades for a more polished home."
"250","18x18 Decorative Farmhouse Linen Blend Throw Pillow Covers, Boho Textured Pillow Case, Set of 2, Beige with White & Black Stitch Yarn Dyed Stripe Cushion Cover for Sofa Living Room","living-room","14.99","4.7","https://amzn.to/4wmjLoC","https://m.media-amazon.com/images/I/91h4eYe75VL._AC_SL1500_.jpg","The woven texture and subtle stripe add interest without feeling busy. They fit beautifully into a timeless, lived-in home."
"253","MIULEE Pack of 4 Couch Throw Pillow Covers 18x18 Inch Neutral Soft Decorative Chenille Pillow Covers Farmhouse Boho Cushion Covers for Mid Century Modern Spring Home Decor Sofa Bedroom Living Room","living-room","17.99","4.6","https://amzn.to/44DfmRV","https://m.media-amazon.com/images/I/81CQXMI-J2L._AC_SL1500_.jpg","The chenille fabric is incredibly soft and adds warmth and depth to a room while keeping the palette calm and neutral."
"254","Vintage Throw Pillow Covers 18x18 Set of 2, Striped Floral Pillow Cover Botanical Patterned Decorative Cushion Covers Modern Farmhouse Home Decor for Sofa Couch Bed Living Room, Moss Green","living-room","21.99","4.8","https://amzn.to/3Rl5SYv","https://m.media-amazon.com/images/I/81FmNQzuGfL._AC_SL1500_.jpg","I love mixing botanical patterns with solids to add character without sacrificing a timeless aesthetic."
"256","Yalikop 3 Link Wood Knot Decor Rustic Home Décor Accents Hand Carved Coffee Table Decoration, Boho Chain Link Decoration, Modern Shelf, Rustic Objects for Home Living Room Bedroom(White)","living-room","15.99","4.6","https://amzn.to/4pxBsPj","https://m.media-amazon.com/images/I/71xPtXlo4NL._AC_SL1500_.jpg","Wood knot décor is one of my favorite styling pieces because it adds organic texture to shelves, coffee tables, and consoles."
"257","65L Extra Large Machine Washable Cotton Rope Blanket Basket | Collapsible laundry hamper, Reinforced handles, For blankets, pillows, toys and clothes, Living room and bedroom, White&Brown","living-room","23.99","4.7","https://amzn.to/4fjt0hK","https://m.media-amazon.com/images/I/81LhyVVYFFL._AC_SL1500_.jpg","A beautiful storage basket keeps blankets close by while making the room feel intentionally styled and clutter free."
"258","Large Framed Boho Modern Neutral Abstract Wall Art for Living Room, 3 Piece Black and White Canvas Prints Paintings Artwork for Walls, Geometric Pictures for Office Bedroom Dining Room Decor, 24x36 In","living-room","149.99","4.3","https://amzn.to/4fB3C7E","https://m.media-amazon.com/images/I/81NhluzhLwL._AC_SL1500_.jpg","This artwork adds visual interest while staying neutral enough to complement almost any decorating style."
"259","Acanva Luxury Modern Tight Curved Back Velvet Sofa, Minimalist Style Comfy Couch for Living Room Apartment, 4 Seater Modular Sectional, Cream","living-room","1709.05","4.7","https://amzn.to/4fwN94g","https://m.media-amazon.com/images/I/71hnJZJrrAL._AC_SL1500_.jpg","The curved silhouette gives this sofa a refined, high-end feel, while the clean lines keep it timeless rather than trendy."
"260","HULALA HOME 84"" W Faux Leather Sofa Couch with Metal Legs, Button-Tufted 3-Seater Sofa, Mid Century Modern Upholstered Couch for Living Room, Entertainment Area, Apartment,Camel","living-room","700","4.6","https://amzn.to/4gQFnEE","https://m.media-amazon.com/images/I/81FAgAJButL._AC_SL1500_.jpg","I like the warmth the faux leather brings to a room. It adds richness and character while still being practical for everyday living."
"261","Round Rattan Tray with Mother of Pearl Inlay, Rattan Serving Tray with Wooden Base, Decorative Wicker Basket for Table Decor, Storage and Display of Coffee Bread Food Fruit (Leaf)","living-room","27.99","4.7","https://amzn.to/4puKf4s","https://m.media-amazon.com/images/I/71sQBIQzY6L._AC_SL1500_.jpg","A decorative tray is one of my favorite styling tools. It instantly pulls together candles, books, and small décor into a finished vignette."
"262","Decorative Concrete Tray & Book Decor Set - Scalloped Tray & Linen Box Enhance Your Coffee Table or Bookshelf Decor - Stylish Home Decoration for Your Living or Dining Room & as a Housewarming Gift","living-room","27.99","4.6","https://amzn.to/4wgfmmS","https://m.media-amazon.com/images/I/816uy3JA2XL._AC_SL1500_.jpg","This set creates a simple, designer-inspired coffee table that feels collected without looking overdone."
"263","Ribbed Glass Vase, Flower Vase, Fluted Clear Vases for Flowers, Modern Vases for Living Room, Dining Table, Entryway, Shelf, Wedding, Office, Coffee Table, Birthday, 7.5 Inches","living-room","29.99","4.7","https://amzn.to/3R7BOQ5","https://m.media-amazon.com/images/I/710qCEQUwoL._AC_SL1500_.jpg","A ribbed glass vase is one of those pieces I use year-round. It looks beautiful with fresh flowers, branches, or simply on its own."
"264","Candle Warmer Lamp with Timer & Dimmer for Yankee Candles, Adjustable Height Candle Warmer for Jar Candles, Wax Melt Lamp for Home Decor & Gifts, Black, 2 Bulbs","living-room","29.98","4.8","https://amzn.to/4frtpid","https://m.media-amazon.com/images/I/61oc2hLdwHL._AC_SL1500_.jpg","I love using candle warmers because they let you enjoy your favorite scents without an open flame. The warm glow also adds beautiful ambient lighting."
"265","Candle Warmer Lamp with Timer: Gold Wax Melt Warmer | Height Adjustable, Dimmable, with 2 Bulbs, Modern Farmhouse Decor for Home, Bedroom, Gifts for Women, Birthday, Housewarming","living-room","16.19","4.8","https://amzn.to/44Hiso2","https://m.media-amazon.com/images/I/71M-g6gX8gL._AC_SL1500_.jpg","The brushed gold finish gives this candle warmer an elevated look that blends seamlessly into timeless, collected interiors."
"266","6 PCS 27""Artificial Pompon Mum Branches, Silk Chrysanth Stems (Cream) | Realistic Fake Flowers, Faux Chrysanthemum Branches, DIY Bouquet, for Vase/Table Centerpieces/Floral/Farmhouse/Home Decor","living-room","25.99","4.8","https://amzn.to/4ffd4OV","https://m.media-amazon.com/images/I/811adWXawlL._AC_SL1500_.jpg","Fresh florals instantly brighten a room, and these look beautifully realistic without the upkeep. I love styling a few stems in a simple vase for an effortless, lived-in look."
"267","Creative Co-Op Stoneware Bowl w Reactive Glaze, White","living-room","22.99","4.7","https://amzn.to/4wb5evG","https://m.media-amazon.com/images/I/61SEFg6srnL._AC_SL1500_.jpg","This bowl is one of those versatile pieces that works just as well on open shelving as it does on the table. The reactive glaze gives each one a handcrafted feel."
"268","Ceramic Flower Vase Home Decor - Farmhouse Table Vases Rustic Vintage Living Room Kitchen Bedroom Decorations for House Book Shelf Office Coffee Desk Dining Fireplace (7.4"" Retro)","living-room","27.99","4.7","https://amzn.to/4yqeEVE","https://m.media-amazon.com/images/I/816xgR2lhKL._AC_SL1500_.jpg","I always gravitate toward classic vases with timeless shapes. This one adds character to a shelf or table, whether it's filled with flowers or displayed on its own."
"272","5""&4"" Metal Candle Holder with Handmade Glass Dome in Brass & 2 Timer Candles, Set of 2 Versatile Hurricane Glass Candle Holders for Pillar Candles & Plants","living-room","29.99","4.7","https://amzn.to/4fB7sO6","https://m.media-amazon.com/images/I/81pfK6+djCL._AC_SL1500_.jpg","Soft candlelight is one of my favorite ways to make a home feel cozy. These holders create beautiful ambiance while doubling as elegant decorative accents."
"273","Foindtower Set of 2 Decorative Neutral Floral Print Throw Pillow Covers Vintage Accent Farmhouse Cushion Covers Boho Home Decor for Sofa Couch Chair Bedroom Living Room,20×20 Inch,Rustic Gray","living-room","23.99","4.6","https://amzn.to/4gLTsTN","https://m.media-amazon.com/images/I/81vgYEx10sL._AC_SL1500_.jpg","Texture and subtle patterns make a room feel thoughtfully layered. These pillow covers add warmth without overpowering the rest of the space."
"274","Vintage Floral Print Throw Pillow Covers 18x18 Set of 2 Neutral Modern Farmhouse Pillowcase Accent Decorative Cushion Covers Boho Home Decor for Couch Sofa Chair Bed Living Room, Dusty Blue","living-room","19.99","4.6","https://amzn.to/44J6cTR","https://m.media-amazon.com/images/I/91-StBwITML._AC_SL1500_.jpg","I love mixing timeless patterns with neutral tones. These pillow covers bring just enough interest while keeping the overall look calm and collected."
"277","NIKKY HOME Farmhouse Wooden Pillar Candle Holders Set of 2, Mantel Decor | Rustic Brown Solid Wood Candle Pedestal, Decorative Short Base Stand, Adds Natural Charm to Fireplace Table Centerpiece","living-room","29.98","4.6","https://amzn.to/4bTcxjq","https://m.media-amazon.com/images/I/71b+KSBCrFL._AC_SL1500_.jpg","Wood accents bring warmth and character to any room. I love using candle holders like these to create cozy layers on a mantel or dining table."
"278","Cotton Stems Decor Branches, Cotton Flowers Plants for Decorations, Dried Flowers for Vase, 6 Pcs-31 Inches Tall - 12 Bolls per Stem","living-room","29.99","4.6","https://amzn.to/4wz9hlX","https://m.media-amazon.com/images/I/7178tLG-AsL._AC_SL1300_.jpg","Cotton stems are one of my favorite decorating staples because they add natural texture that works beautifully through every season."
"283","Ceramic Rustic Vase,7.48"" Flowers Pottery Vases Home Decor Round Wide-Mouth Farmhouse Decorative Vase for Flowers Pampas for Table Living Room Entryway Mantel Shelf Kitchen Bathroom Bedroom","living-room","27.99","4.8","https://amzn.to/4b5pNRO","https://m.media-amazon.com/images/I/81AfUyaA04L._AC_SL1500_.jpg","A timeless ceramic vase is one of the easiest ways to style shelves, consoles, or dining tables. It looks beautiful with fresh stems or left empty as sculpture."
"184","Apple 2025 MacBook Air 15","office","1428.26","4.8","https://amzn.to/4ffgm4U","https://m.media-amazon.com/images/I/71FsB1FaZ7L._AC_SL1500_.jpg","This is the laptop I rely on every day to build Evergreen House. It's lightweight, fast, and powerful enough to handle everything from content creation to everyday work without missing a beat."
"293","LED Desk Lamp for Office Home, Eye-Caring Desk Light with Stepless Dimming Adjustable Flexible Gooseneck, 10W USB Adapter Desk Lamp with Clamp for Reading, Study, Workbench (Black)","office","20.98","4.6","https://amzn.to/4fuJN1u","https://m.media-amazon.com/images/I/71Xa0fzUiGL._AC_SL1500_.jpg","Good lighting makes any workspace feel calmer and more inviting. I like this lamp because it provides focused light without adding visual clutter to the desk."
"294","Kate Spade New York, File Folder Set of 6, Letter Size Filing Organizers, Gold Stripe | Pack of Standard Size Paper, Durable, Thick Document Organizers with Tabs for Cute Office Decor and Organization","office","17.95","4.8","https://amzn.to/44J83Ij","https://m.media-amazon.com/images/I/614D2o205YL._AC_SL1500_.jpg","Beautiful organization makes everyday tasks feel easier. These folders keep paperwork tidy while adding a polished look to an office or command center."
"295","kate spade new york Notepad Refill Set of 2, Cream | Legal Pad Pack of Letter Size Folio Refill Paper with 50 Lined Easy-Tear Sheets Each","office","16.75","4.8","https://amzn.to/3RJWspz","https://m.media-amazon.com/images/I/51XJIBN2moL._AC_SL1024_.jpg","I'm always reaching for a notebook to capture ideas or make lists. This one is simple, functional, and looks right at home on a thoughtfully styled desk."
"296","Linbsunne Gel Pens Black Ink Pens for Office 0.5mm Fine Point Pen Smooth Writing Retractable (Metal gold clip-10 pcs)","office","8.49","4.7","https://amzn.to/4yA5xBW","https://m.media-amazon.com/images/I/81PSJQ1oEcL._AC_SL1500_.jpg","A good pen is something you notice every day. I like these because they write smoothly and add a refined touch to even the simplest workspace."
"297","Aesthetic Desk Organizer Set of 3 For Your Office - Sturdy Concrete Desktop Accessories For Women or Men Enhance Any Office Decor - Set incl. Pen Holder, Paperclip Storage and Sticky Note Holder","office","22.99","4.8","https://amzn.to/4b1TBPh","https://m.media-amazon.com/images/I/71GRdzTYPML._AC_SL1500_.jpg","A good pen is something you notice every day. I like these because they write smoothly and add a refined touch to even the simplest workspace."
"298","Gold Paper Clips and Binder Clips Set, 279 Pcs Gold Desk Accessories Assorted Office Essentials in Organizer Box for Office School Home Paper Sorting Note Pinning","office","13.99","4.9","https://amzn.to/4pRNYcN","https://m.media-amazon.com/images/I/71DqOjxy--L._AC_SL1500_.jpg","Keeping everyday essentials organized helps a workspace feel calm and intentional. This set brings both function and clean, timeless style."
"299","Mr. Pen- Transparent Sticky Notes Set, 1000 Sheets | Transparent Sticky Notes Tabs with Marker Pen for Bible Study, Office, School, Planning, Journaling & Organization","office","7.99","4.6","https://amzn.to/4fv1U7J","https://m.media-amazon.com/images/I/71FAhSSrgRL._AC_SL1500_.jpg","A good pen is something you notice every day. I like these because they write smoothly and add a refined touch to even the simplest workspace."
"300","Leather Desk Pad Protector, Waterproof Mouse Pad, PU Desk Mat, Office Desk Cover, Desk Writing Mat for Office/Home/Work/Cubicle (Green/Gray) 23.6x13.7 in","office","9.99","4.7","https://amzn.to/4vIwQr4","https://m.media-amazon.com/images/I/71XzRlU02RL._AC_SL1500_.jpg","A desk mat instantly makes a workspace feel more finished while protecting the surface underneath. It's a simple upgrade that adds both comfort and style."
"301","Lamare Meeting Notebook for Work Organization–Work Notebook for Note Taking","office","19.95","4.7","https://amzn.to/4wVLagH","https://m.media-amazon.com/images/I/713iOeEGi6L._AC_SL1500_.jpg","I'm always reaching for a notebook to capture ideas or make lists. This one is simple, functional, and looks right at home on a thoughtfully styled desk."
"302","Large Cork Board Alternative-48 x 36"" Felt Bulletin Board Tiles, with 30 Pushpins, 70 Adhesive Tabs, Fine-Stripe 12-Pack, Cork Boards for Office Push Pin Board Felt Board-Sage","office","31.99","4.8","https://amzn.to/4wnxV92","https://m.media-amazon.com/images/I/81uxwMiaSGL._AC_SL1500_.jpg","I like practical pieces that can also be part of the décor. This board keeps important notes visible while blending beautifully into a neutral workspace."
"303","MOSISO Wrist Rest Support for Mouse Pad&Keyboard Set, Circle Curved Ergonomic Mousepad&Coaster Non-Slip Base Home/Office Pain Relief&Easy Typing Pad with Soft Cloth&Silicone Lining, Antique Green","office","12.49","4.5","https://amzn.to/4b89ljP","https://m.media-amazon.com/images/I/515G2Wi323L._AC_SL1500_.jpg","Comfort matters when you spend hours at a desk. This set makes everyday work more comfortable without sacrificing a clean aesthetic."
"316","Nordik Leather Valet Tray - Sand Brown - 9.5 x 7.9 Inch Medium Vegan Leather Tray - Stylish Nightstand Organizer for Men - Modern Bedside Caddy - EDC Catchall for Key Watch Wallet Jewellery","office","24.97","4.9","https://amzn.to/4wN2ODi","https://m.media-amazon.com/images/I/71j8TUAN7OL._AC_SL1500_.jpg","A catchall tray is one of my favorite ways to make everyday essentials feel intentional. It keeps small items organized while adding a polished finishing touch."
"318","kate spade new york 17-Month Large 2026-2027 Planner, Plans I May Cancel | 8.5"" x 7.25"" Hardcover Agenda with Monthly & Weekly Layouts, Goal Tracker, Vacation Pages, Stickers, Tabs & Elastic Closure","office","34","4.7","https://amzn.to/4fM6pvQ","https://m.media-amazon.com/images/I/71TeOTkiv9L._AC_SL1500_.jpg","I look for pieces that combine timeless design with everyday function. This is the kind of item that helps a home feel both beautiful and lived in."
"319","kate spade new york Cloth Cover Journal, Dragonfly Flight | 8.25"" x 5.25"" Green Bound Notebook Diary with 168 Lined Pages, Ribbon Bookmark, and Elastic Closure","office","21.95","4.8","https://amzn.to/4pGowXy","https://m.media-amazon.com/images/I/81RvL2lH-1L._AC_SL1500_.jpg","I look for pieces that combine timeless design with everyday function. This is the kind of item that helps a home feel both beautiful and lived in."
"320","kate spade new york Leatherette Mouse Pad, Charmed Library | 9"" x 8"" Square Faux Leather Mouse Mat with Non-Slip Back, Cute and Functional Desk Accessory for Computer","office","12","4.7","https://amzn.to/3Tbp6QR","https://m.media-amazon.com/images/I/81wLdjtSJCL._AC_SL1500_.jpg","A rug is one of the easiest ways to make an entryway feel warm and inviting. I like this one because it adds texture while standing up to everyday life."
"321","kate spade new york Sticky Note Folio Set of 7, Rise and Shine | Padfolio with Small Assorted Adhesive Note Sheets with 75 Pages Each, Cute Stationery for Studying and To-Dos","office","19.95","4.7","https://amzn.to/4vGbLxu","https://m.media-amazon.com/images/I/61euaZT6c7L._AC_SL1500_.jpg","I look for pieces that combine timeless design with everyday function. This is the kind of item that helps a home feel both beautiful and lived in."
"322","kate spade new york Got Up Early & Stayed Up Late, Mugs, Set of 2, Green","office","30","4.5","https://amzn.to/4vJADV1","https://m.media-amazon.com/images/I/61Vr-kRyrAL._AC_SL1500_.jpg","I look for pieces that combine timeless design with everyday function. This is the kind of item that helps a home feel both beautiful and lived in."
"18","Premium Matte Gold Aluminum Coat Hangers","organization","29.99","4.7","https://amzn.to/4wOOJ8v","https://m.media-amazon.com/images/I/71z7Id+ktCL._AC_SL1500_.jpg","These hangers are smooth and make my closet look so sleek!"
"67","WORKPRO 6 Pack Extra Large Moving","organization","31.44","4.7","https://amzn.to/4wUdh03","https://m.media-amazon.com/images/I/61bo3lP-hYL._AC_SL1500_.jpg","These moving bags are perfect for packing and organizing. They're spacious and easy to carry!"
"95","Fanttik C8 Nano 3.7V Cordless Electric","organization","59.99","4.5","https://amzn.to/4bQDioF","https://m.media-amazon.com/images/I/615D+mkbJML._AC_SL1500_.jpg","These cordless scissors are so handy! Great for DIY and crafting projects!"
"96","White Velvet Hangers 60 Pack Space","organization","27.54","4.7","https://amzn.to/4fjwwZx","https://m.media-amazon.com/images/I/61Nz+MukxlL._AC_SL1152_.jpg","Keep your closet neat with these velvet hangers. They are a total game-changer!"
"112","StorageWorks 160L Laundry Basket with Wheels","organization","39.99","4.7","https://amzn.to/4wIBDtw","https://m.media-amazon.com/images/I/61GlaVxkkwL._AC_SL1500_.jpg","This laundry basket is a must-have! It's perfect for keeping your laundry neatly organized."
"116","The Folio® Important Document Organizer","organization","40.48","4.5","https://amzn.to/4wQWvij","https://m.media-amazon.com/images/I/51wpwDkwqPL._AC_SL1024_.jpg","Stay organized with these important document organizers!"
"167","StorageWorks Scalloped Wicker Basket Woven Baskets","organization","38.99","4.7","https://amzn.to/4yMsPEX?tag=organization","https://m.media-amazon.com/images/I/71nW-MRvloL._AC_SL1500_.jpg","These wicker baskets are perfect for storage and decoration. Great for organizing and keeping things tidy."
"169","DWËLLZA KITCHEN Cereal Containers Storage","organization","26.99","4.7","https://amzn.to/4vBxK8A?tag=organization","https://m.media-amazon.com/images/I/71zogvwkyJL._AC_SL1194_.jpg","These containers will keep your snacks fresh and organized!"
"170","iDesign Clear Plastic Egg Holder","organization","14.29","4.8","https://amzn.to/4vBxqXq?tag=organization","https://m.media-amazon.com/images/I/51vFeflmvKL._AC_SL1000_.jpg","A clear egg holder is a game changer in the kitchen. Keeps eggs fresh and easily accessible."
"171","Compression Packing Cubes for Travel Luggage","organization","33.99","4.6","https://amzn.to/4fnEh0v","https://m.media-amazon.com/images/I/813mBT--bUL._AC_SL1500_.jpg","Packing doesn't have to feel chaotic. These compression cubes make it easy to maximize suitcase space while keeping everything neatly organized from departure to unpacking."
"176","Buywoo Fabric Shaver Electric Lint Remover","organization","14.99","4.6","https://amzn.to/4wdYtJK","https://m.media-amazon.com/images/I/71BZER5HUoL._AC_SL1500_.jpg","One of the easiest ways to make clothing, blankets, and upholstered furniture look like new again. It's a small tool that makes a surprisingly big difference."
"181","Command XL Heavyweight Picture Hanging Strips","organization","29.99","4.5","https://amzn.to/44HPlAV","https://m.media-amazon.com/images/I/81UPFRLkjXL._SL1500_.jpg","I use these throughout my home because they make it easy to hang artwork without putting holes in the walls. They're one of those simple essentials that make decorating and rearranging completely stress free."
"189","BISSELL Little Green Multi Purpose Portable","organization","99.99","4.5","https://amzn.to/4vL1tfF","https://m.media-amazon.com/images/I/717X5secGjL._AC_SL1500_.jpg","If you have kids, pets, or light-colored furniture, this quickly becomes one of those purchases you wonder how you lived without. It's one of my favorite tools for keeping a home looking fresh."
"190","Tatuo 2 Pcs Cord Organizer","organization","17.99","4.5","https://amzn.to/4wq08vy","https://m.media-amazon.com/images/I/71Fhz3f++UL._AC_SL1500_.jpg","Hidden clutter makes a room feel calmer. I use these to keep chargers, cables, and small electronics organized so drawers stay neat and easy to find things in."
"255","Pantry Baskets and Organizers, Large Wicker Baskets for Shelves, Handwoven Labeled Storage Basket for Organizing with Handles-Water Hyacinth Storage Bins, Boho Decorative, 3Pack, Natural","organization","41.39","4.7","https://amzn.to/4fs163s","https://m.media-amazon.com/images/I/918MuRxNhvL._AC_SL1500_.jpg","These baskets hide everyday pantry clutter while adding natural texture that makes organized spaces feel warm instead of sterile."
"323","BAMEOS drawer organizer flatware organizer cutlery tray silverware organizer expandable adjustable bamboo drawer organizer kitchen bathroom","pantry","25.64","4.7","https://amzn.to/4fihS6i","https://m.media-amazon.com/images/I/710-rMUinbL._AC_SL1500_.jpg","Keeps utensils neatly separated so every drawer feels organized and easy to use."
"324","2 Set Pantry Organizers and Storage with Bamboo Lids, Stackable Clear Bins for Onion, Potato, Fruit, Vegetables, Trash Bag Dispenser, Kitchen and Under Sink Organizer","pantry","25.99","4.7","https://amzn.to/4vINXc6","https://m.media-amazon.com/images/I/81Eo8E-IcpL._AC_SL1500_.jpg","Makes pantry staples easy to see while giving shelves a clean, organized look."
"325","CZZGSM 6 Pack Square Kitchen Storage Jars with Airtight Bamboo Lids and 132 Pantry Labels - 35oz Glass Canisters With Wood Lids - Food Storage Containers for Coffee, Cookie, Tea, Spice","pantry","39.79","4.6","https://amzn.to/4htejeJ","https://m.media-amazon.com/images/I/7153p2bDWAL._AC_SL1200_.jpg","Helps pantry staples stay fresh while creating a clean, uniform pantry."
"326","CZHQSMZ Set of 2 Large Glass Jar with Airtight Acacia Lid and 132 Kitchen Pantry Labels, Clear Glass Food Storage Jars Containers for Rice Flour Pasta Sugar Coffee Cookie and More(98 Fl Oz/2800 Ml)","pantry","32.89","4.7","https://amzn.to/4fNZBhg","https://m.media-amazon.com/images/I/81pXo6CPVML._AC_SL1500_.jpg","Creates a cohesive pantry with labeled glass storage that's both beautiful and practical."
"327","AISIPRIN Airtight Glass Jar with Lid, Glass Storage Containers with Screw On Bamboo Lids, for Cookie, Pasta, Cereal Storage Containers, 5Pcs 80oz 50oz 27oz Canisters Sets for the Kitchen","pantry","39.99","4.6","https://amzn.to/4fP6tef","https://m.media-amazon.com/images/I/81odqRQ4QTL._AC_SL1500_.jpg","Keeps everyday ingredients fresh while bringing order to busy kitchen shelves."
"328","Kanwone Airtight Food Storage Containers with Bamboo lids set of 5, Stackable Food Storage Containers, Glass Canisters for Pantry, kitchen, Flour, Sugar, Tea, Coffee, Pasta, Cookies, Rice and Spice","pantry","36.89","4.6","https://amzn.to/3RrI9py","https://m.media-amazon.com/images/I/71bsGHq06IS._AC_SL1500_.jpg","A simple way to keep dry goods fresh and your pantry looking organized."
"329","Caraway 13-Piece Glass Airtight Food Storage Containers with Lids – Non-Toxic, BPA-Free Kitchen Storage Containers – Stackable, Space-Saving Airtight Containers for Dry Goods and More - Cream","pantry","275","4.6","https://amzn.to/4ba8cs1","https://m.media-amazon.com/images/I/61C2MEcdRlL._AC_SL1500_.jpg","Makes everyday pantry essentials easy to find with a clean, streamlined look."
"330","Casafield Set of 4 Water Hyacinth Pantry Baskets, 10"" x 13"" x 5"", with Chalkboard Labels and Chalk Marker - Natural, Woven Storage Bin Organizers for Kitchen Shelves","pantry","53.99","4.8","https://amzn.to/4pBQIe6","https://m.media-amazon.com/images/I/81oKF8KNEiL._AC_SL1500_.jpg","Adds warm texture while keeping pantry essentials neatly contained."
"331","KooK Glass Storage Containers with Lids, 1/2 Gallon, Set of 2, Glass Kitchen Jars, Food & Cookie Storage Containers for Pantry, Bathroom Apothecary Canisters, Dishwasher Safe, Chalk, Label, Scoops","pantry","29.66","4.7","https://amzn.to/4gOuhjv","https://m.media-amazon.com/images/I/71sYgDlWfJL._AC_SL1500_.jpg","Keeps homemade treats fresh while adding charming, organized storage to the pantry."
"332","Honey-Can-Do Bamboo Cereal Dispenser with Airtight Lid – Countertop Dry Food Dispenser for Kitchen Organization – Eco-Friendly Cereal Container for Pantry","pantry","29.32","4.3","https://amzn.to/4hsuid2","https://m.media-amazon.com/images/I/71oD4Lz9CEL._AC_SL1500_.jpg","This bamboo cereal dispenser keeps kitchen organized and eco-friendly. Perfect for all dry food needs!"
"333","Rice Dispenser, Rice Storage Container, Flour and Cereal Container for Kitchen Organization and Pantry Store, Glass Cereal dispenser with Airtight Lid and Wooden Stand 5L","pantry","66.89","4.5","https://amzn.to/4vUWMQw","https://m.media-amazon.com/images/I/71UNYxGiZ8L._AC_SL1500_.jpg","This airtight container is perfect for keeping rice and flour fresh!"
"334","ComSaf Square Glass Pantry Jars with Airtight Lids 27 oz 6 Pack Spice Jar","pantry","34.99","4.7","https://amzn.to/4wkUuev","https://m.media-amazon.com/images/I/91L6-EvZ+uL._AC_SL1500_.jpg","These glass jars are perfect for keeping pantry items fresh and organized!"
"335","Zevro /GAT201C Indispensable Dry Food Dispenser, Dual Control, White/Chrome","pantry","38.57","4.6","https://amzn.to/4fpltOE","https://m.media-amazon.com/images/I/81ko6MNydJL._AC_SL1500_.jpg","Keep your snacks neat with this dual control dry food dispenser. Perfect for both cereal and granola."
"336","SpaceAid Bag Storage Organizer for Kitchen Drawer, Bamboo Organizer, Compatible with Gallon, Quart, Sandwich and Snack Variety Size Bag (1 Box 4 Slots)","pantry","22.78","4.6","https://amzn.to/45mZinq","https://m.media-amazon.com/images/I/71P2eegqYIL._AC_SL1500_.jpg","This organizer makes it super easy to keep things tidy in the kitchen. Perfect for all your bags!"
"337","Acacia Wood Pantry Storage Bins, Stackable Storage Baskets Potato and Onion Storage Bins, Pantry Organizer Wooden Baskets Organization and Storage, Set 3 Pieces","pantry","59.99","4.7","https://amzn.to/4fPiZdF","https://m.media-amazon.com/images/I/81OdOBJvZaL._AC_SL1500_.jpg","Makes pantry staples easy to see while giving shelves a clean, organized look."
"338","Vtopmart Stackable Storage Drawers Set of 5, Clear Plastic Organizer Bins for Baby Bottle, Beauty Supplies Storage, Ideal for Kichen Countertop, Vanity, Bathroom, Cabinet, Pantry Organization","pantry","38.24","4.8","https://amzn.to/4wYVGUE","https://m.media-amazon.com/images/I/716RSrzjH4L._AC_SL1500_.jpg","Perfect for any room! These clear plastic drawers are great for organizing beauty supplies, baby bottles, and pantry items."
"339","StorageWorks Hand-Woven Large Storage Baskets with Wooden Handles, Water Hyacinth Wicker Baskets for Organizing, 2-Pack","pantry","30.54","4.8","https://amzn.to/4flvITW","https://m.media-amazon.com/images/I/81mIiOwFWpL._AC_SL1500_.jpg","These wicker baskets are perfect for organizing any room!"
"17","addlon 33FT (27+6) Solar String Lights","patio","23.73","4.4","https://amzn.to/4ppTuCV","https://m.media-amazon.com/images/I/71QD1ZVt7mL._AC_SL1500_.jpg","Light up your outdoor space with these amazing solar string lights! Bright, durable, and eco-friendly, perfect for any garden or patio."
"19","Keter Kentwood 50 Gallon Resin Deck","patio","79.99","4.3","https://amzn.to/4wQygRg","https://m.media-amazon.com/images/I/71i3S9misUL._AC_SL1500_.jpg","This deck box is perfect for keeping your outdoor space tidy and organized."
"21","YETI Hopper M Series Backpack Soft","patio","340","4.8","https://amzn.to/3RkPtDm","https://m.media-amazon.com/images/I/61QZrkMIjAL._AC_SL1500_.jpg","This backpack cooler is perfect for the beach or a day at the park!"
"22","YETI Roadie 24 Cooler","patio","369","4.8","https://amzn.to/4b2yD2H","https://m.media-amazon.com/images/I/61Xau9TZliL._AC_SL1500_.jpg","Keep your drinks cold and your adventures chilled with the YETI Roadie 24 Cooler!"
"23","Gardening Tools 9 Piece Heavy Duty","patio","21.99","4.8","https://amzn.to/4w6b1mc","https://m.media-amazon.com/images/I/81hk0PGpklL._AC_SL1500_.jpg","These tools will help you create a beautiful garden with ease!"
"45","Solar Pathway Lights Outdoor","patio","59.99","4.4","https://amzn.to/4vBxF4M","https://m.media-amazon.com/images/I/81xum-Jv5NL._AC_SL1500_.jpg","My favorite way to light up my patio!"
"99","Outdoor Games Large Wooden Tower Stacking","patio","35.66","4.7","https://amzn.to/4hjrkaG","https://m.media-amazon.com/images/I/71ym4xsGIML._AC_SL1500_.jpg","Grab these outdoor games for your next backyard party!"
"100","Aug guan Aluminum Outdoor Patio Furniture","patio","1399.99","4.4","https://amzn.to/44WtKoB","https://m.media-amazon.com/images/I/71g3RZKyfDL._AC_SL1500_.jpg","This patio furniture set is perfect for any outdoor gathering!"
"172","Portable mini handheld Fan small Rechargeable","patio","8.99","4.5","https://amzn.to/3R3RW57","https://m.media-amazon.com/images/I/41x9j6SaoxL._AC_SL1000_.jpg","A summer essential I wouldn't travel without. It's lightweight, rechargeable, and perfect for warm days at the beach, theme parks, sporting events, or anywhere you need a little extra comfort."
"286","PURPLE LEAF 7-Piece Patio Dining Set Outdoor Furniture Rectangular Table and Chairs Set with Aluminum Frame and Teak-Finish for Garden Deck Backyard Kitchen Deep Teak Outdoor Set","patio","1499","5","https://amzn.to/4vE7yKz","https://m.media-amazon.com/images/I/81Ln+yWqrmL._AC_SL1500_.jpg","An outdoor dining space should feel like an extension of your home. This set makes it easy to gather outside for meals all season long."
"287","Aoxun Aluminum Patio Furniture Set 7 Seats, Oversized Outdoor Sectional with Washable Thick Cushions, Coffee Table, Patio Conversation Sets for Porch, Balcony, Deck","patio","689.99","4.6","https://amzn.to/3TtUCtm","https://m.media-amazon.com/images/I/81bxdjkdUEL._AC_SL1500_.jpg","Comfortable outdoor seating encourages you to spend more time outside. I love how this set creates an inviting space for relaxing or entertaining."
"288","Modern Shade Cedar Wood Outdoor Bar with Shelves & Paper Towel Holder, Grill Gazebo with USB and USB-C Charging Ports, Wood Gazebo with TV Mount, Galvanized Steel Sloped Roof for Patio","patio","799.99","4.7","https://amzn.to/4wb86ss","https://m.media-amazon.com/images/I/91hcX7xgrOL._AC_SL1500_.jpg","An outdoor bar instantly makes backyard gatherings feel elevated. It's functional, beautiful, and designed for spending more time outside with family and friends."
"289","Double Egg Swing Chair Outdoor, 2 Person Egg Chair Outdoor with Cushions, Imitation Rattan Hanging Egg Chairs Basket, Hanging Chairs with Stand, Metal Nest Swing Egg Chair for Balcony, Grey","patio","254.98","4.6","https://amzn.to/4fnq7N2","https://m.media-amazon.com/images/I/81RL29cHTrL._AC_SL1500_.jpg","This chair creates the perfect cozy corner for reading, relaxing, or enjoying a quiet evening outdoors. It's both comfortable and visually striking."
"290","VINGLI Rolling Ice Chest, Portable Patio Party Bar Drink Cooler Cart, with Shelf, Beverage Pool with Bottle Opener","patio","135.99","4.5","https://amzn.to/3Rlc1nx","https://m.media-amazon.com/images/I/51rRupMEKQL._AC_SL1000_.jpg","Every outdoor gathering is easier when drinks are organized and within reach. This cooler keeps everything convenient while looking great on the patio."
"291","Juegoal Outdoor Giant Yard Pong Game Set Outdoor Toss Game Throwing Game for Beach, Camping, Lawn and Backyard","patio","35.99","4.6","https://amzn.to/4vEqSY3","https://m.media-amazon.com/images/I/81JaOMKmQgL._AC_SL1500_.jpg","Some of the best memories happen in the backyard. This game is an easy way to bring everyone together for fun summer afternoons."
"292","18 feet Inflatable Outdoor Projector Movie Screen - Package with Rope, Blower, Tent Stakes - Portable, Great for Outdoor and Indoor Party Watch Movies","patio","119.99","4.6","https://amzn.to/4wqR9KL","https://m.media-amazon.com/images/I/81S9W6KmaaL._AC_SL1500_.jpg","Outdoor movie nights are one of my favorite ways to gather with family and friends. This screen turns an ordinary evening into something memorable."
"227","Gardening Tools 9 Piece Heavy Duty","spring","21.99","4.8","https://amzn.to/4w6b1mc?ref=spring","https://m.media-amazon.com/images/I/81hk0PGpklL._AC_SL1500_.jpg","These tools will help you create a beautiful garden with ease!"
"228","12Pcs Easter Wall Art Prints","spring","7.99","4.6","https://amzn.to/3T2UctZ?ref=spring","https://m.media-amazon.com/images/I/71ZML5cTRvL._AC_SL1500_.jpg","These are an easy way to refresh a gallery wall or shelf for spring without spending much. The soft colors keep the look elegant instead of overly seasonal."
"229","Marsui 2 Pas Easter Garland Felt","spring","30.99","4.2","https://amzn.to/4fomyGn?ref=spring","https://m.media-amazon.com/images/I/81dJA+i-M-L._AC_SL1500_.jpg","This garland adds just enough seasonal charm without overwhelming the space. I especially like it layered across a mantel with candles and greenery."
"230","Gschupy 6Pcs Vintage Bunny Wall","spring","16.99","4.5","https://amzn.to/3Tb6sbO?ref=spring","https://m.media-amazon.com/images/I/91IX1ytWGoL._AC_SL1500_.jpg","I love seasonal décor that feels collected rather than overly themed. These vintage-inspired prints add a soft touch of spring that still fits beautifully with a timeless home."
"231","Easter Decorations for Home 3pcs Gold","spring","6.99","4.7","https://amzn.to/4fqePrw?ref=spring","https://m.media-amazon.com/images/I/81+3URMeIvL._AC_SL1500_.jpg","I prefer seasonal décor that blends naturally into my everyday home. These brass-inspired bunnies feel classic enough to display long after Easter has passed."
"193","StorageWorks Pantry Baskets for Organizing Water","storage","46.99","4.8","https://amzn.to/4yxoWTW","https://m.media-amazon.com/images/I/91AB4doMQNL._AC_SL1500_.jpg","These instantly make a pantry feel more organized and intentional. Natural woven baskets add warmth while hiding everyday packaging and clutter."
"9","Beats Pill Portable Bluetooth Speaker","summer","129.95","4.7","https://amzn.to/3THmjPq","https://m.media-amazon.com/images/I/71+CrORhiOL._AC_SL1500_.jpg","Perfect for all your adventures! This portable speaker has serious sound!"
"50","Dyson Cool AM07 Air Multiplier Bladeless","summer","399.99","4.5","https://amzn.to/4yrtN98","https://m.media-amazon.com/images/I/5161XlVNK9L._AC_SL1500_.jpg","This bladeless fan is a game changer! Keeps the room cool and looks sleek too."
"94","How to Giggle: A Guide","summer","12.48","4.6","https://amzn.to/4wI9wdK","https://m.media-amazon.com/images/I/81ujeo6zi9L._SL1500_.jpg","This book is a must-have for a lighter, laughter-filled life!"
"220","Slushie Cup 2 Pack Slushy Maker","summer","19.99","4.2","https://amzn.to/4vHlfse?tag=summer","https://m.media-amazon.com/images/I/71zMDlzkpUL._AC_SL1500_.jpg","Get ready for a cool treat with these slushie cups!"
"221","YETI Roadie 24 Cooler","summer","369","4.8","https://amzn.to/4b2yD2H?ref=summer","https://m.media-amazon.com/images/I/61Xau9TZliL._AC_SL1500_.jpg","Keep your drinks cold and your adventures chilled with the YETI Roadie 24 Cooler!"
"222","YETI Hopper M Series Backpack Soft","summer","340","4.8","https://amzn.to/3RkPtDm?ref=summer","https://m.media-amazon.com/images/I/61QZrkMIjAL._AC_SL1500_.jpg","This backpack cooler is perfect for the beach or a day at the park!"
"223","Aug guan Aluminum Outdoor Patio Furniture","summer","1399.99","4.4","https://amzn.to/44WtKoB?ref=summer","https://m.media-amazon.com/images/I/71g3RZKyfDL._AC_SL1500_.jpg","This patio furniture set is perfect for any outdoor gathering!"
"224","Portable mini handheld Fan small Rechargeable","summer","8.99","4.5","https://amzn.to/3R3RW57?ref=summer","https://m.media-amazon.com/images/I/41x9j6SaoxL._AC_SL1000_.jpg","A summer essential I wouldn't travel without. It's lightweight, rechargeable, and perfect for warm days at the beach, theme parks, sporting events, or anywhere you need a little extra comfort."
"225","YETI Rambler 20 oz Stainless Steel","summer","64","4.8","https://amzn.to/4ptmGc9?ref=summer","https://m.media-amazon.com/images/I/51OxFJqGSPL._AC_SL1500_.jpg","This YETI tumbler keeps my drinks cool for hours. Perfect for outdoor adventures!"
"226","YETI Rambler 18 oz Bottle Vacuum","summer","39.95","4.8","https://amzn.to/4hiGHAb?ref=summer","https://m.media-amazon.com/images/I/51tIYozqFWL._AC_SL1500_.jpg","Keep your drinks ice cold with this insulated bottle!"